<?xml version="1.0" encoding="UTF-8"?>
<project-private xmlns="http://www.netbeans.org/ns/project-private/1">
    <editor-bookmarks xmlns="http://www.netbeans.org/ns/editor-bookmarks/2" lastBookmarkId="0"/>
    <open-files xmlns="http://www.netbeans.org/ns/projectui-open-files/2">
        <group>
            <file>file:/C:/Users/Martin%20Le%20Mintier/Desktop/ProjetAvecTarte/src/Controleur/Connexion.java</file>
            <file>file:/C:/Users/Martin%20Le%20Mintier/Desktop/ProjetAvecTarte/src/projet/FenetrePrincipale.java</file>
            <file>file:/C:/Users/Martin%20Le%20Mintier/Desktop/ProjetAvecTarte/nbproject/build-impl.xml</file>
            <file>file:/C:/Users/Martin%20Le%20Mintier/Desktop/ProjetAvecTarte/src/projet/Pie.java</file>
        </group>
    </open-files>
</project-private>
